order_id,company_id,company_name,customer_id,customer_name,ETA,LFD,carrier_id,carrier_name,pick_up_id,pick_up_address,deliver_id,deliver_address,status_id,status_name,weight,billing_date
SM85045,1,"SHANGHAI YUANSHUN TRADE CO.,LTD",1,HONGKONG YINTATECH ,03/31,-,1,,1,Unknown,1,amzddpreleaseupdates@cds-net.com,1,ALL FINISHED/CASE DONE,,2023-03-31
SM85104,2,NBJF,2,NBJF,03/31,2023-04-06,2,DVD TRUCKING CORP,2,SAVANNAH-GARDEN CITY TERMINAL,2,"8 cardinal rd bldg f,    hilton head island sc 29926-3720 united states 
contact:richard camputaro
>> tel:+1-843-368-4186",2,ALL FINISHED,40HQ/8261KGS,2023-04-01
SM85271,3,GLE,3,GLE,03/31,2023-04-03,3,BLUEW,3,BNSF,3,dallas warehouse devan,2,ALL FINISHED,40',2023-10-01
SM85311,4,ZCGC,4,ZCGC,03/31,2023-04-02,4,BOS,4,CP RAIL BENSENVILLE,4,"evonik corporation. 2010 lilly road, lafayette, in 47909",2,ALL FINISHED,20'GP,2023-04-01
SM85332,5,WINIT AMERICA INC,5,TRWORLD,03/31,2023-04-08,5,Brilliant,5,Barbours CutTerminal,5,"11142 beltline road, houston, tx 77067",2,ALL FINISHED,40HQ/7615KGS,2023-04-01
SM85333,5,WINIT AMERICA INC,5,TRWORLD,03/31,2023-04-09,5,Brilliant,5,Barbours CutTerminal,5,"11142 beltline road, houston, tx 77067",2,ALL FINISHED,40HQ/7615KGS,2023-04-01
SM85334,5,WINIT AMERICA INC,5,TRWORLD,03/31,2023-04-08,5,Brilliant,5,Barbours CutTerminal,5,"11142 beltline road, houston, tx 77067",2,ALL FINISHED,40HQ/7651KGS,2023-04-01
SM85335,5,WINIT AMERICA INC,5,TRWORLD,03/31,2023-04-09,5,Brilliant,6,Houston-Barbours CutTerminal,5,"11142 beltline road, houston, tx 77067",2,ALL FINISHED,40HQ/7615KGS,2023-04-01
SM85336,5,WINIT AMERICA INC,5,TRWORLD,03/31,2023-04-09,5,Brilliant,5,Barbours CutTerminal,5,"11142 beltline road, houston, tx 77067",2,ALL FINISHED,40HQ/7615KGS,2023-04-01
SM85337,5,WINIT AMERICA INC,5,TRWORLD,03/31,2023-04-08,6,SEN MART USA,5,Barbours CutTerminal,5,"11142 beltline road, houston, tx 77067",2,ALL FINISHED,40HQ/7615KGS,2023-04-01
SM85338,5,WINIT AMERICA INC,5,TRWORLD,03/31,2023-04-08,6,SEN MART USA,5,Barbours CutTerminal,5,"11142 beltline road, houston, tx 77067",2,ALL FINISHED,40HQ/7615KGS,2023-04-01
SM85553,6,K-KJING,6,K-KJING,03/31,2023-04-17,7,AMG,7,ETS,6,smf3,2,ALL FINISHED,40,2023-04-01
SM85554,6,K-KJING,6,K-KJING,03/31,,7,AMG,7,ETS,7,sck4,2,ALL FINISHED,40,2023-04-01
SM85638,6,K-KJING,6,K-KJING,03/31,2023-04-06,7,AMG,8,ETS OAKLAND,6,smf3,2,ALL FINISHED,40,2023-04-01
SM85639,6,K-KJING,6,K-KJING,03/31,2023-04-06,7,AMG,7,ETS,7,sck4,2,ALL FINISHED,40,2023-04-01
SM85647,7,FEICO,7,FEICO,03/31,2023-04-18,8,FLTI,9,MAHER,8,"castlegate warehouse cranbury 48 station road
cranbury,nj 08512",2,ALL FINISHED,40,2023-04-01
SM85655,8,BGG,8,BGG,03/31,,8,FLTI,10,APM,9,"75 mt
vernon rd manalpan nj 07726",2,ALL FINISHED,20GP,2023-04-01
SM85662,9,LESHINE,9,LESHINE,03/31,2023-04-12,7,AMG,11, Ben E. Nutter Terminal,6,smf3,2,ALL FINISHED,40HQ,2023-04-01
SM85663,9,LESHINE,9,LESHINE,03/31,,7,AMG,12,Ben E. Nutter Terminal,7,sck4,2,ALL FINISHED,40HQ,2023-04-01
SM85830,10,YOOU INTERNATIONAL INC,10,SZOT,03/31,2023-04-13,9,CEI,13,EVERPORT,10,"14570 meyer canyon drive, fontana, ca, 92336",2,ALL FINISHED,40HQ/14000KGS,2023-04-01
SM85831,10,YOOU INTERNATIONAL INC,10,SZOT,03/31,2023-04-17,9,CEI,13,EVERPORT,10,"14570 meyer canyon drive, fontana, ca, 92336",2,ALL FINISHED,40HQ/14000KGS,2023-04-01
SM85832,10,YOOU INTERNATIONAL INC,10,SZOT,03/31,2023-04-13,9,CEI,13,EVERPORT,10,"14570 meyer canyon drive, fontana, ca, 92336",2,ALL FINISHED,40HQ/14000KGS,2023-04-01
SM85883,11,TOP,11,SPEEDSHIP,03/31,2023-04-06,1,,14,WAC8,11,,1,ALL FINISHED/CASE DONE,,2023-04-01
SM86214,12,AUTOMANN,12,AUTOMANN,03/31,2023-04-06,10,BSUI,15, NEW YORK,12,"automann inc
251 docks corner rd
monroe twp nj 08831",2,ALL FINISHED,20',2023-04-01
SM86321,13,DISCOVERY,13,DISCOVERY,03/31,-,11,AMZF,16,"9189 Utica Ave Rancho Cucamonga, CA US 91730",13,xlx7,2,ALL FINISHED,,2023-04-01
SM86339,14,AMASS,14,AMASS,03/31,-,12,TRAFFIX,17,"CVG POLAR AIR CARGO. 1121 Aviation Blvd. Hebron, KY 41048",14,"2125 gateway blvd, hebron, ky 41048",2,ALL FINISHED,41 CTNS / 2 PLTS / 667KGS,2023-04-01
SM84947,15,NU DESIGNS LLC,15,NU FFE,03/30,2023-04-02,13,Golden Eagle Spotting Co.,18,UNION PACIFIC ST.LOUIS,15,"quality inn. 3404 main st, keokuk, ia 52632",2,ALL FINISHED,40'HQ,2023-04-01
SM85032,16,GSIT,16,GSIT,03/30,2023-04-11,14,HALE INTERMODAL,19,CSX - Stackbridge Worcester,16,"consolidated electrical distributors, inc. 322 leroy rd, williston, vt 05495",2,ALL FINISHED,20'GP,2023-04-01
SM85073,17,JTGL,17,JTGL,03/30,2023-04-05,15,UTC2,9,MAHER,17,"giga cloud nj4. 311 cranbury half acre rd, cranbury, nj 08512",2,ALL FINISHED,40'HQ,2023-04-01
SM85237,18,SUNTON,18,EDAY,03/30,2023-04-01,16,COMBAT,20, NORFOLK SOUTHERN AUSTELL RAMP,18,"305 best friend court, suite 305, norcross, ga 30071 usa",2,ALL FINISHED,40HQ,2023-04-01
SM85456,19,KING SUPPLY,19,KING SUPPLY,03/30,2023-04-06,17,DV,21,TAMPA,19,"16640 bachmann ave. unit #4, hudson, fl 34667",2,ALL FINISHED,40HQ/9146KGS,2023-04-01
SM85471,20,BLUEW,20,BLUEW,03/30,2023-04-12,7,AMG,22," OAKLAND, CA (US)",20,rambo devan,2,ALL FINISHED,40HQ,2023-04-01
SM85694,21,GZJF,21,GZJF,03/30,2023-04-08,18,ONEW,23,"Long Beach Container Terminal , LLC",21,315 warehouse devan,2,ALL FINISHED,40',2023-05-01
SM85825,10,YOOU INTERNATIONAL INC,10,SZOT,03/30,2023-04-06,15,UTC2,24,GCT,22,107 elbow ln burlington nj 08016,2,ALL FINISHED,40HQ,2023-04-01
SM85827,10,YOOU INTERNATIONAL INC,10,SZOT,03/30,2023-04-06,15,UTC2,24,GCT,22,107 elbow ln burlington nj 08016,2,ALL FINISHED,40HQ,2023-04-01
SM85828,10,YOOU INTERNATIONAL INC,10,SZOT,03/30,2023-04-06,15,UTC2,24,GCT,22,107 elbow ln burlington nj 08016,2,ALL FINISHED,40HQ,2023-04-01
SM85829,10,YOOU INTERNATIONAL INC,10,SZOT,03/30,2023-04-06,15,UTC2,24,GCT,23,"107 elbow lane, burlington, nj 08016",2,ALL FINISHED,40HQ,2023-04-01
SM85867,18,SUNTON,18,EDAY,03/30,2023-04-06,9,CEI,25, APM TERMINALS,24,"10395 nobel court, jurupa valley, california, 91752",2,ALL FINISHED,40HQ,2023-04-01
SM85937,18,SUNTON,18,EDAY,03/30,2023-04-14,19,BH,25, APM TERMINALS,25,"1375 w casmalia st, rialto, california, 92377",2,ALL FINISHED,40HQ,2023-04-01
SM85938,18,SUNTON,18,EDAY,03/30,2023-04-06,19,BH,25, APM TERMINALS,25,"1375 w casmalia st, rialto, california, 92377",2,ALL FINISHED,40HQ,2023-04-01
SM86032,4,ZCGC,4,ZCGC,03/30,2023-04-01,4,BOS,26,CHICAGO BNSF,4,"evonik corporation. 2010 lilly road, lafayette, in 47909",2,ALL FINISHED,20'GP,2023-04-01
SM86077,12,AUTOMANN,12,AUTOMANN,03/30,2023-04-04,20,SLC,27,"DALLAS, TX  UP RAIL - DALLAS (DIT)",26,"automann
1250 duncanville rd
duncanville tx 75116",2,ALL FINISHED,40HQ,2023-04-01
SM86196,22,YHJ TRADING COMPANY INC,22,MANDY,03/30,-,21, ,28,Honolulu airport,27,"4561 salt lake blvd

honolulu, hi  96818",2,ALL FINISHED,,2023-04-01
SM84665,12,AUTOMANN,12,AUTOMANN,03/29,-,1,,29,NJ PORT,11,,2,ALL FINISHED,,2023-03-29
SM85070,17,JTGL,17,JTGL,03/29,2023-04-05,15,UTC2,9,MAHER,28,"1665 jersey ave, north brunswick, nj 08902",2,ALL FINISHED,40'HQ,2023-04-01
SM85212,23,GII,23,SZWO,03/29,,22,EVANS DELIVERY,26,CHICAGO BNSF,29,"formica corporation mt. comfort
6579 west 350 north, suite b, building 103,greenfield, indiana 46140
contact name: josh kirby",2,ALL FINISHED,40,2023-03-29
SM85239,18,SUNTON,18,EDAY,03/29,2023-04-02,16,COMBAT,20, NORFOLK SOUTHERN AUSTELL RAMP,18,"305 best friend court, suite 305, norcross, ga 30071 usa",2,ALL FINISHED,40HQ,2023-04-01
SM85369,24,PGS CBEL,24,PGS CBEL,03/29,2023-04-05,10,BSUI,9,MAHER,30,"800 old country rd, westbury, ny 11590",2,ALL FINISHED,40'HQ,2023-04-01
SM85475,24,PGS CBEL,24,PGS CBEL,03/29,2023-04-04,9,CEI,30,FENIX MARINE,31,"giga cloud ca5. 1670 etiwanda ave, #b, ontario, ca 91761",2,ALL FINISHED,40'HQ,2023-04-01
SM85581,18,SUNTON,18,EDAY,03/29,2023-04-05,9,CEI,31,LBCT ,24,"10395 nobel court, jurupa valley, california, 91752",2,ALL FINISHED,40HQ,2023-04-01
SM85582,18,SUNTON,18,EDAY,03/29,2023-04-05,9,CEI,31,LBCT ,24,"10395 nobel court, jurupa valley, california, 91752",2,ALL FINISHED,40HQ,2023-04-01
SM85583,18,SUNTON,18,EDAY,03/29,2023-04-05,9,CEI,31,LBCT ,24,"10395 nobel court, jurupa valley, california, 91752",2,ALL FINISHED,40HQ,2023-04-01
SM85656,25,XR,25,XR,03/29,2023-04-13,9,CEI,32,ITS,32,"4501 etiwanda ave?mira loma, ca 91752, usa
flykingwarehouse inc",2,ALL FINISHED,40HQ HAZMAT,2023-04-01
SM85661,26,TRWORLD,5,TRWORLD,03/29,2023-04-04,23,EVANS,33,COLUMBUS-BNSF,33,"sincere pet
1101 river road
chillicothe, oh 45601
gavin anderson
tel :740-656-0265",2,ALL FINISHED,40HQ/15035.37LBS,2023-04-01
SM85729,11,TOP,11,SPEEDSHIP,03/29,2023-04-05,1,,1,Unknown,11,,1,ALL FINISHED/CASE DONE,,2023-04-01
SM85736,2,NBJF,2,NBJF,03/29,2023-04-06,9,CEI,10,APM,34,"3550 east francis street, unit 200    ontario ca 91761",2,ALL FINISHED,40HQ/16065KGS,2023-04-01
SM85742,6,K-KJING,6,K-KJING,03/29,2023-04-06,24,DRAGON,34,LBCT,35,lax9,2,ALL FINISHED,40HQ,2023-04-01
SM85806,18,SUNTON,18,EDAY,03/29,2023-04-05,9,CEI,35,American President Line,36,"1160 w rincon st, corona, california, 92880",2,ALL FINISHED,40HQ,2023-04-01
SM85807,18,SUNTON,18,EDAY,03/29,2023-04-04,9,CEI,35,American President Line,37,"1251 s rockefeller ave unit b ontario , ca 91761 usa",2,ALL FINISHED,40HQ,2023-04-01
SM85824,27,SENMART,5,TRWORLD,03/29,2023-04-06,9,CEI,34,LBCT,38,uswc,2,ALL FINISHED,40HQ/19899KGS,2023-04-01
SM85842,28,SZOT,10,SZOT,03/29,2023-04-06,9,CEI,36,TRAPAC,39,10905 beech ave fontana ca 92337,2,ALL FINISHED,40HQ/13485KGS,2023-04-01
SM85846,28,SZOT,10,SZOT,03/29,2023-04-06,9,CEI,36,TRAPAC,40,"1589 e nine st, pomona, ca 91766",2,ALL FINISHED,40HQ/13500KGS,2023-04-01
SM86071,29,ZHV,26,ZHV,03/29,,9,CEI,34,LBCT,41,"armstrong logistic, inc.  20301 e walnut dr n, walnut, ca 91789",2,ALL FINISHED,40,2023-04-01
SM86102,28,SZOT,10,SZOT,03/29,2023-04-06,19,BH,36,TRAPAC,39,10905 beech ave fontana ca 92337,2,ALL FINISHED,40HQ/9588KGS,2023-04-01
SM86259,21,GZJF,21,GZJF,03/29,-,25,TEA,37,"5758 W. Century Blvd., Los Angeles, CA, 90045 ",42,15700 s main street gardena  california ca 90248,1,ALL FINISHED/CASE DONE,220PCS/2117KGS,2023-04-01
SM84854,30,DTAX,27,DTAX,03/28,2023-03-31,1,,1,Unknown,11,,1,ALL FINISHED/CASE DONE,,2023-03-28
SM84861,31,BUYDEX,28,GOODCANGG,03/28,-,1,,1,Unknown,11,,2,ALL FINISHED,,2023-04-01
SM84902,32,SHANGHAI YINTA,1,HONGKONG YINTATECH ,03/28,2023-04-05,26,LFT,38,GARDEN CITY TERMINAL  ,43,"4099 old dixie hwy, bldg 3, ste 300, atlanta, ga 30354",2,ALL FINISHED,40HQ,2023-04-01
SM84932,32,SHANGHAI YINTA,1,HONGKONG YINTATECH ,03/28,2023-04-05,26,LFT,38,GARDEN CITY TERMINAL  ,43,"4099 old dixie hwy, bldg 3, ste 300, atlanta, ga 30354",2,ALL FINISHED,40HQ,2023-04-01
SM84933,32,SHANGHAI YINTA,1,HONGKONG YINTATECH ,03/28,2023-04-04,26,LFT,38,GARDEN CITY TERMINAL  ,43,"4099 old dixie hwy, bldg 3, ste 300, atlanta, ga 30354",2,ALL FINISHED,40HQ,2023-04-01
SM84934,32,SHANGHAI YINTA,1,HONGKONG YINTATECH ,03/28,2023-04-05,26,LFT,38,GARDEN CITY TERMINAL  ,43,"4099 old dixie hwy, bldg 3, ste 300, atlanta, ga 30354",2,ALL FINISHED,40HQ,2023-04-01
SM84935,32,SHANGHAI YINTA,1,HONGKONG YINTATECH ,03/28,2023-04-05,26,LFT,38,GARDEN CITY TERMINAL  ,43,"4099 old dixie hwy, bldg 3, ste 300, atlanta, ga 30354",2,ALL FINISHED,40HQ,2023-04-01
SM85256,33,LEDONE,29,LEDONE,03/28,2023-04-05,9,CEI,34,LBCT,44,led one corporation 12437 bellegrave ave eastvale ca 91752,1,ALL FINISHED/CASE DONE,40,2023-04-01
SM85285,31,BUYDEX,28,GOODCANGG,03/28,-,1,,1,Unknown,11,,2,ALL FINISHED,,2023-03-28
SM85331,34,FUZHOU EPS,20,BLUEW,03/28,2023-04-04,8,FLTI,39,"New York-Maher Terminal, Berth 64",45,"1050 amboy avenue, perth amboy, new jersey, 08861",2,ALL FINISHED,40HQ,2023-04-01
SM85342,35,GOLDEN HORSE TECHNOLOGY INTERNAT,30,EON,03/28,-,1,,1,Unknown,11,,2,ALL FINISHED,,2023-04-01
SM85488,13,DISCOVERY,13,DISCOVERY,03/28,2023-04-05,27,BRWI,10,APM,46,"900 daphine rd bay minette, al 36507",2,ALL FINISHED,1*40 HQ,2023-04-01
SM85488,13,DISCOVERY,13,DISCOVERY,03/28,2023-04-05,27,BRWI,10,APM,46,"900 daphine rd bay minette, al 36507",2,ALL FINISHED,1*40 HQ,2023-04-01
SM85526,36,COZY LIVING,31,RAINY,03/28,-,1,,1,Unknown,11,,2,ALL FINISHED,,2023-04-01
SM85536,37,RGFR,13,DISCOVERY,03/28,2023-04-05,9,CEI,40,LA PORT,47,sbd1,2,ALL FINISHED,1*40 HQ ,2023-04-01
SM85603,38,LEOM,32,48,03/28,2023-04-04,24,DRAGON,40,LA PORT,48,ont8,1,ALL FINISHED/CASE DONE,1*40 HQ /Legal weight,2023-04-01
SM85604,38,LEOM,32,48,03/28,2023-04-04,24,DRAGON,41,LA port,48,ont8,1,ALL FINISHED/CASE DONE,1*40HQ,2023-04-01
SM85717,18,SUNTON,18,EDAY,03/28,2023-04-04,19,BH,35,American President Line,25,"1375 w casmalia st, rialto, california, 92377",2,ALL FINISHED,40HQ,2023-04-01
SM85718,18,SUNTON,18,EDAY,03/28,2023-04-06,19,BH,35,American President Line,25,"1375 w casmalia st, rialto, california, 92377",2,ALL FINISHED,40HQ,2023-04-01
SM85719,18,SUNTON,18,EDAY,03/28,2023-04-04,9,CEI,35,American President Line,25,"1375 w casmalia st, rialto, california, 92377",2,ALL FINISHED,40HQ,2023-04-01
SM85755,19,KING SUPPLY,19,KING SUPPLY,03/28,2023-04-06,9,CEI,34,LBCT,49,"3187 cornerstone dr eastvale, ca 91752",2,ALL FINISHED,40HQ,2023-04-01
SM85757,39,XEPS,20,BLUEW,03/28,-,28,NOAH,42,Los Angeles-Evergreen Container Terminal,47,sbd1,2,ALL FINISHED,40HQ,2023-03-28
SM85761,34,FUZHOU EPS,20,BLUEW,03/28,-,9,CEI,42,Los Angeles-Evergreen Container Terminal,50,"bestway warehouse devan
343 n baldwin park blvd
bassett, ca 91746",2,ALL FINISHED,40HQ,2023-03-28
SM85764,40,EASTWEST ELECTRONIC COMMERCE CO US LIMITED,19,KING SUPPLY,03/28,2023-04-06,9,CEI,34,LBCT,49,"3187 cornerstone dr eastvale, ca 91752",2,ALL FINISHED,40HQ/12805KGS,2023-04-01
SM85787,34,FUZHOU EPS,20,BLUEW,03/28,2023-04-10,20,SLC,3,BNSF,51,"wayfair: castlegate warehouse lancaster 2820 n 35e lancaster, tx 75134",2,ALL FINISHED,40HQ,2023-04-01
SM85817,41,TTK GLOBAL EXPRESS SERVICE INC,5,TRWORLD,03/28,2023-04-03,9,CEI,13,EVERPORT,38,uswc,2,ALL FINISHED,40HQ/11286KGS,2023-04-01
SM85821,27,SENMART,5,TRWORLD,03/28,2023-04-04,9,CEI,13,EVERPORT,38,uswc,2,ALL FINISHED,40HQ/8429KGS,2023-04-01
SM85868,18,SUNTON,18,EDAY,03/28,2023-04-06,9,CEI,31,LBCT ,37,"1251 s rockefeller ave unit b ontario , ca 91761 usa",1,ALL FINISHED/CASE DONE,40HQ,2023-04-01
SM85884,11,TOP,11,SPEEDSHIP,03/28,2023-04-04,1,,1,Unknown,11,,2,ALL FINISHED,,2023-03-28
SM85901,29,ZHV,26,ZHV,03/28,2023-04-06,19,BH,34,LBCT,52,"12833 schabarum ave. irwindale,ca 91706",2,ALL FINISHED,40,2023-04-01
SM85923,42,WLDFITOUS LLC,19,KING SUPPLY,03/28,-,1,,1,Unknown,11,,1,ALL FINISHED/CASE DONE,,2023-03-28
SM85936,18,SUNTON,18,EDAY,03/28,2023-04-04,19,BH,43, FENIX MARINE SERVICE ,25,"1375 w casmalia st, rialto, california, 92377",2,ALL FINISHED,40HQ,2023-04-01
SM86105,12,AUTOMANN,12,AUTOMANN,03/28,2023-03-31,4,BOS,44, BNSF LOGISTICS PARK - CHICAGO,53,"automann
2301 w haven
new lenox il 60451",2,ALL FINISHED,20GP,2023-04-01
SM86105,12,AUTOMANN,12,AUTOMANN,03/28,2023-03-31,4,BOS,44, BNSF LOGISTICS PARK - CHICAGO,53,"automann
2301 w haven
new lenox il 60451",2,ALL FINISHED,20GP,2023-04-01
SM86105,12,AUTOMANN,12,AUTOMANN,03/28,2023-03-31,4,BOS,44, BNSF LOGISTICS PARK - CHICAGO,53,"automann
2301 w haven
new lenox il 60451",2,ALL FINISHED,20GP,2023-04-01
SM86116,12,AUTOMANN,12,AUTOMANN,03/28,2023-03-31,9,CEI,45,"Long Beach-Long Beach Container Terminal , LLC",54,"automann inc
3940 earlstone st suite b
ontario ca 91761",2,ALL FINISHED,40HQ,2023-04-01
SM86123,36,COZY LIVING,22,MANDY,03/28,-,12,TRAFFIX,46,MORRISON EXPRESS  4099 OLD DIXIE HWY BLND 2 STE 300  ATLANTA GA 30354 ,55,"wfm c/o hilldrup 
750 berry shoals rd.
duncan sc 29334",1,ALL FINISHED/CASE DONE,,2023-03-28
SM86178,43,FP,33,FP,03/28,-,3,BLUEW,47,"ORD. 1717 Busse Rd, Elk Grove Village, IL 60007",56,ups,2,ALL FINISHED,151PCS / 2563KGS,2023-05-01
SM86190,21,GZJF,21,GZJF,03/28,-,1,,1,Unknown,57,customer own pick up,2,ALL FINISHED,,2023-04-01
SM85101,1,"SHANGHAI YUANSHUN TRADE CO.,LTD",1,HONGKONG YINTATECH ,03/27,-,1,,1,Unknown,58,cds,1,ALL FINISHED/CASE DONE,,2023-03-27
SM85459,1,"SHANGHAI YUANSHUN TRADE CO.,LTD",1,HONGKONG YINTATECH ,03/27,-,1,,1,Unknown,1,amzddpreleaseupdates@cds-net.com,2,ALL FINISHED,,2023-03-27
SM85459,1,"SHANGHAI YUANSHUN TRADE CO.,LTD",1,HONGKONG YINTATECH ,03/27,-,1,,1,Unknown,1,amzddpreleaseupdates@cds-net.com,2,ALL FINISHED,,2023-03-27
SM85502,7,FEICO,7,FEICO,03/27,2023-04-05,19,BH,34,LBCT,59,"3800 north mission rd., los angeles, ca 90031",2,ALL FINISHED,40,2023-04-01
SM85549,25,XR,25,XR,03/27,,9,CEI,48,TTI,60,"601 s dupont ave, ontario, ca 91761",2,ALL FINISHED,40,2023-04-01
SM85640,6,K-KJING,6,K-KJING,03/27,-,1,,1,Unknown,11,,2,ALL FINISHED,,2023-03-27
SM85641,6,K-KJING,6,K-KJING,03/27,,24,DRAGON,7,ETS,48,ont8,2,ALL FINISHED,40,2023-04-01
SM85658,44,KA,34,KA,03/27,2023-04-02,4,BOS,49,CN RAIL,61,"11222 melrose ave.

franklin park,il 60131",2,ALL FINISHED,1*40 HQ,2023-04-01
SM85681,11,TOP,11,SPEEDSHIP,03/27,2023-04-04,1,,1,Unknown,11,,1,ALL FINISHED/CASE DONE,,2023-04-01
SM85693,21,GZJF,21,GZJF,03/27,2023-04-04,18,ONEW,50,SHIPPER TERMINAL,21,315 warehouse devan,2,ALL FINISHED,40',2023-04-01
SM85695,21,GZJF,21,GZJF,03/27,2023-04-04,18,ONEW,50,SHIPPER TERMINAL,21,315 warehouse devan,2,ALL FINISHED,40',2023-04-01
SM85954,44,KA,34,KA,03/27,-,4,BOS,51,CN RAIL - CHICAGO - HARVEY - (I092),62,"aramsco inc
11222 melrose ave.
franklin park,il 60131",2,ALL FINISHED,1*40 HQ,2023-03-27
SM85955,25,XR,25,XR,03/27,,9,CEI,36,TRAPAC,63,"4501 etiwanda ave?mira loma, ca 91752",2,ALL FINISHED,40HQ,2023-04-01
SM85961,45,NBYB,35,NBYB,03/27,2023-04-04,29,MJST,52,GARDEN CITY TML(L737),64,"330 huntington rd gaffney, sc 29341",2,ALL FINISHED,40HQ,2023-04-01
SM86033,21,GZJF,21,GZJF,03/27,-,1,,1,Unknown,65,do not need trucking,1,ALL FINISHED/CASE DONE,,2023-03-27
SM86073,12,AUTOMANN,12,AUTOMANN,03/27,,10,BSUI,53,NEW YORK ,12,"automann inc
251 docks corner rd
monroe twp nj 08831",2,ALL FINISHED,40HQ,2023-03-27
SM86082,36,COZY LIVING,22,MANDY,03/27,-,30,"Priority 1, Inc",54,LAX,66,"crown worldwide moving & storage

4550 wineville avenue, unit b

mira loma, ca 91752",2,ALL FINISHED,,2023-04-01
SM86130,46,U-RICH,36,U-RICH,03/27,-,31,W&T CARGO,55,"THE SET, 455 10TH AVE, APT 16D? NEW YORK, NY 10018, USA		",67,w&t cargo service 's warehouse,2,ALL FINISHED,3CTNS/32.5KGS/0.1CBM,2023-03-27
SM86154,21,GZJF,21,GZJF,03/27,,32,MTCI,56,"DEHE INTERNATIONAL 1051 S Rockefeller Ave, Ontario, CA 91761 DEHE?626-537-7303",68,"brian shutter address?118 n washington st, carthage, ny 13619  tel:16073021833",2,ALL FINISHED,2 PLT,2023-04-01
SM86155,21,GZJF,21,GZJF,03/27,,33,GLT,56,"DEHE INTERNATIONAL 1051 S Rockefeller Ave, Ontario, CA 91761 DEHE?626-537-7303",69,"lily liu address?2951 south valley pkwy, suite 200, dock#12-16,
lewisville, tx 75067 tel:415-794-2701",2,ALL FINISHED,8 PLTS,2023-04-01
SM86156,43,FP,33,FP,03/27,-,3,BLUEW,47,"ORD. 1717 Busse Rd, Elk Grove Village, IL 60007",56,ups,1,ALL FINISHED/CASE DONE,180PCS / 3081KGS,2023-04-01
SM86157,43,FP,33,FP,03/27,-,3,BLUEW,57,"ORD. 11301 IRVING PARK RD, FRANKLIN PARK, IL 60131",56,ups,2,ALL FINISHED,133PCS / 2263KGS,2023-05-01
SM86158,47,GOODCANGG,28,GOODCANGG,03/27,-,1,,1,Unknown,11,,2,ALL FINISHED,,2023-03-27
SM86159,14,AMASS,14,AMASS,03/27,-,34,GRTR,17,"CVG POLAR AIR CARGO. 1121 Aviation Blvd. Hebron, KY 41048",14,"2125 gateway blvd, hebron, ky 41048",1,ALL FINISHED/CASE DONE,105PCS / 1765KGS,2023-04-01
SM86161,4,ZCGC,4,ZCGC,03/27,-,35,PE Logistic,58,"1901 NW 66th Ave, Bldg 709, Miami, FL 33122",70,"ceva-ftz. 5601 nw 72 ave, dock doors 28-34, miami, fl 33166",1,ALL FINISHED/CASE DONE,6PLTS / 1978KGS,2023-04-01
SM85317,48,48,32,48,03/26,2023-04-04,7,AMG,59,oakland port ,7,sck4,2,ALL FINISHED,1*40 HQ,2023-04-01
SM85385,20,BLUEW,20,BLUEW,03/26,2023-03-30,7,AMG,60,"OAKLAND, CA (US)",6,smf3,2,ALL FINISHED,40HQ,2023-03-26
SM85444,49,GREEN RIVER INTL INC,37,JESSICA,03/26,-,1,,1,Unknown,11,,2,ALL FINISHED,,2023-03-26
SM85551,6,K-KJING,6,K-KJING,03/26,,9,CEI,34,LBCT,71,"c/o 2221 remington ave, ontario, california, 91762",2,ALL FINISHED,40,2023-04-01
SM85692,21,GZJF,21,GZJF,03/26,2023-03-30,18,ONEW,61,SHIPPER,21,315 warehouse devan,1,ALL FINISHED/CASE DONE,40',2023-04-01
SM86124,36,COZY LIVING,22,MANDY,03/26,-,30,"Priority 1, Inc",54,LAX,66,"crown worldwide moving & storage

4550 wineville avenue, unit b

mira loma, ca 91752",2,ALL FINISHED,,2023-04-01
SM85137,7,FEICO,7,FEICO,03/25,2023-04-04,29,MJST,62,SAVANNAH PORT,72,340 a sharon industrial way suwanee ga 30024,2,ALL FINISHED,40,2023-04-01
SM85142,29,ZHV,26,ZHV,03/25,,29,MJST,62,SAVANNAH PORT,73,"amazon xlx6
12220 carolina logistics dr, pineville, nc 28134",1,ALL FINISHED/CASE DONE,40,2023-04-01
SM85233,43,FP,33,FP,03/25,2023-03-30,15,UTC2,9,MAHER,74,"osu warehouse distribution center. 113 interstate blvd, jamesburg, nj 08831",2,ALL FINISHED,20'GP,2023-04-01
SM85269,24,PGS CBEL,24,PGS CBEL,03/25,2023-03-30,9,CEI,34,LBCT,75,"giga cloud ca4. 11599 arrow route, rancho cucamonga, ca 91730",2,ALL FINISHED,40'HQ,2023-04-01
SM85282,6,K-KJING,6,K-KJING,03/25,2023-03-30,7,AMG,63,ETS OAKALND,7,sck4,2,ALL FINISHED,40,2023-04-01
SM85352,28,SZOT,10,SZOT,03/25,2023-03-31,8,FLTI,64,NYCT,76,"5 cotters ln, east brunswick,nj 08816",2,ALL FINISHED,40HQ/11260KGS,2023-04-01
SM85370,24,PGS CBEL,24,PGS CBEL,03/25,2023-03-30,9,CEI,34,LBCT,77,"ca-2090eti. 2090 s etiwanda ave, ontario, ca 91761",2,ALL FINISHED,40'HQ,2023-04-01
SM85423,17,JTGL,17,JTGL,03/25,2023-03-30,9,CEI,34,LBCT,78,"13850 central ave, chino, ca 91710",2,ALL FINISHED,40'HQ,2023-04-01
SM85458,50,SZJF,38,SZJF,03/25,2023-03-30,9,CEI,34,LBCT,79,"1600 s. baker ave, ontario ca 91761",2,ALL FINISHED,40HQ/7620KGS,2023-04-01
SM85474,51,IN MOCEAN GROUP LLC,39,LOHAN BNB,03/25,-,1,,1,Unknown,11,,1,ALL FINISHED/CASE DONE,,2023-03-25
SM85515,6,K-KJING,6,K-KJING,03/25,2023-04-01,28,NOAH,34,LBCT,47,sbd1,2,ALL FINISHED,40,2023-04-01
SM85533,27,SENMART,5,TRWORLD,03/25,2023-03-30,9,CEI,34,LBCT,38,uswc,2,ALL FINISHED,40HQ/12051KGS,2023-03-25
SM85538,52,LOGSMART,40,LOGSMART,03/25,2023-03-30,9,CEI,34,LBCT,80,"10460 hickson st. unit#b , el monte, ca 91731 , united states",2,ALL FINISHED,40HQ/10320KGS,2023-04-01
SM85543,10,YOOU INTERNATIONAL INC,10,SZOT,03/25,2023-03-31,19,BH,65,YUSEN,10,"14570 meyer canyon drive, fontana, ca, 92336",2,ALL FINISHED,40HQ/13000KGS,2023-04-01
SM85544,10,YOOU INTERNATIONAL INC,10,SZOT,03/25,2023-03-31,19,BH,65,YUSEN,10,"14570 meyer canyon drive, fontana, ca, 92336",2,ALL FINISHED,40HQ/13000KGS,2023-04-01
SM85557,11,TOP,11,SPEEDSHIP,03/25,2023-03-30,1,,1,Unknown,11,,1,ALL FINISHED/CASE DONE,,2023-03-25
SM85575,18,SUNTON,18,EDAY,03/25,2023-04-03,9,CEI,25, APM TERMINALS,37,"1251 s rockefeller ave unit b ontario , ca 91761 usa",2,ALL FINISHED,40HQ,2023-04-01
SM85577,18,SUNTON,18,EDAY,03/25,2023-04-03,9,CEI,66,APM TERMINALS,81,"2180 s wineville ave ontario, ca  91761",2,ALL FINISHED,40HQ,2023-04-01
SM85721,18,SUNTON,18,EDAY,03/25,2023-03-30,19,BH,25, APM TERMINALS,82,"1033 n todd ave, azusa, california, 91702",2,ALL FINISHED,40HQ,2023-04-01
SM85725,18,SUNTON,18,EDAY,03/25,2023-03-30,9,CEI,25, APM TERMINALS,83,"8833 flower road, rancho cucamonga, california, 91730",2,ALL FINISHED,40HQ,2023-03-25
SM85727,18,SUNTON,18,EDAY,03/25,2023-03-30,9,CEI,66,APM TERMINALS,83,"8833 flower road, rancho cucamonga, california, 91730",2,ALL FINISHED,40HQ,2023-03-25
SM85745,53,KEYMUSABI,41,JING,03/25,,36,ROSE,67,"PITTSBURGH,PA.USA",84,"430 rodi rd
pittsburgh, pa 15235",2,ALL FINISHED,1*40HQ,2023-03-25
SM85903,29,ZHV,26,ZHV,03/25,,19,BH,34,LBCT,85,"2102 alton parkway, unit a, irvine, california 92606",2,ALL FINISHED,40,2023-04-01
SM85935,18,SUNTON,18,EDAY,03/25,2023-03-30,19,BH,25, APM TERMINALS,25,"1375 w casmalia st, rialto, california, 92377",2,ALL FINISHED,40HQ,2023-04-01
SM84732,32,SHANGHAI YINTA,1,HONGKONG YINTATECH ,03/24,2023-03-31,26,LFT,38,GARDEN CITY TERMINAL  ,43,"4099 old dixie hwy, bldg 3, ste 300, atlanta, ga 30354",2,ALL FINISHED,40HQ,2023-04-01
SM84770,54, MARIO,2,NBJF,03/24,2023-03-31,32,MTCI,68,CHANNEL DISTRIBUTION CORP A STG LOGISTICS COMPANY 950 SUPREME DRIVE BENSENVILLE IL 60106,86,"837 s 18th maywood,il 60153
tel:177367882",2,ALL FINISHED,4PACKAGES/150KGS/2.24CBM,2023-04-01
SM85018,34,FUZHOU EPS,20,BLUEW,03/24,2023-04-04,37,The Movement,69,SEA GIRT MARINE TERMINAL,87,"seko - savage
8750 larkin road, suite 101
savage, md 20763 us",2,ALL FINISHED,40HQ,2023-04-01
SM85048,34,FUZHOU EPS,20,BLUEW,03/24,2023-03-30,8,FLTI,70,Maher Terminal,88,"300 cedar lane suite b, edison nj 08817",2,ALL FINISHED,40HQ,2023-03-24
SM85049,34,FUZHOU EPS,20,BLUEW,03/24,2023-03-30,8,FLTI,71,"Maher Terminal,",88,"300 cedar lane suite b, edison nj 08817",2,ALL FINISHED,40HQ,2023-04-01
SM85051,5,WINIT AMERICA INC,5,TRWORLD,03/24,2023-03-31,5,Brilliant,5,Barbours CutTerminal,5,"11142 beltline road, houston, tx 77067",2,ALL FINISHED,40HQ/10370KGS,2023-04-01
SM85053,5,WINIT AMERICA INC,5,TRWORLD,03/24,2023-03-31,6,SEN MART USA,6,Houston-Barbours CutTerminal,5,"11142 beltline road, houston, tx 77067",2,ALL FINISHED,7615KGS/40HQ,2023-04-01
SM85054,5,WINIT AMERICA INC,5,TRWORLD,03/24,2023-03-31,6,SEN MART USA,6,Houston-Barbours CutTerminal,5,"11142 beltline road, houston, tx 77067",2,ALL FINISHED,40HQ/7615KGS,2023-04-01
SM85055,5,WINIT AMERICA INC,5,TRWORLD,03/24,2023-03-31,6,SEN MART USA,5,Barbours CutTerminal,5,"11142 beltline road, houston, tx 77067",2,ALL FINISHED,40HQ/7615KGS,2023-04-01
SM85056,5,WINIT AMERICA INC,5,TRWORLD,03/24,2023-03-31,5,Brilliant,6,Houston-Barbours CutTerminal,5,"11142 beltline road, houston, tx 77067",2,ALL FINISHED,40HQ/7612KGS,2023-04-01
SM85130,18,SUNTON,18,EDAY,03/24,2023-03-29,7,AMG,72,OAKLAND INTL CONTAINER TERMINAL ,89,smf7,2,ALL FINISHED,40HQ,2023-04-01
SM85191,18,SUNTON,18,EDAY,03/24,2023-03-30,9,CEI,73,PIER A ,37,"1251 s rockefeller ave unit b ontario , ca 91761 usa",2,ALL FINISHED,40HQ,2023-04-01
SM85238,18,SUNTON,18,EDAY,03/24,2023-04-03,16,COMBAT,74,NS (Austell) Railroad,18,"305 best friend court, suite 305, norcross, ga 30071 usa",2,ALL FINISHED,40HQ,2023-04-01
SM85250,18,SUNTON,18,EDAY,03/24,2023-04-03,8,FLTI,75, MAHER TERMINALS,90,"500 griffith morgan lane, pennsauken township, nj 08110 usa",2,ALL FINISHED,40HQ,2023-04-01
SM85401,6,K-KJING,6,K-KJING,03/24,,38,RWT,76,ETS OAKLAND ,91,oakland warehouse devan,2,ALL FINISHED,40,2023-04-01
SM85432,1,"SHANGHAI YUANSHUN TRADE CO.,LTD",1,HONGKONG YINTATECH ,03/24,-,1,,1,Unknown,1,amzddpreleaseupdates@cds-net.com,1,ALL FINISHED/CASE DONE,,2023-03-24
SM85455,19,KING SUPPLY,19,KING SUPPLY,03/24,2023-04-05,39,SOUTHERN COMPANIES,77,Savannah-GARDEN CITY TERMINAL,92,"savannah sakura buffet inc
220 eisenhower dr.savannah ga 31406
tel:912-352-9668 xiao zheng",2,ALL FINISHED,40HQ/10151KGS,2023-04-01
SM85921,55,JING,41,JING,03/24,-,40,AIGR,78,AIR GROUND PA,93,"keymusabi c/o thrift store
 430 rodi rd
pittsburgh, pa 15235",2,ALL FINISHED,1*40 HQ,2023-04-01
SM85956,25,XR,25,XR,03/24,,9,CEI,10,APM,94,"4501 etiwanda ave?mira loma, ca 91752, usa",2,ALL FINISHED,40,2023-04-01
SM86098,43,FP,33,FP,03/24,-,3,BLUEW,47,"ORD. 1717 Busse Rd, Elk Grove Village, IL 60007",56,ups,1,ALL FINISHED/CASE DONE,164PCS / 2999KGS,2023-04-01
SM86099,22,YHJ TRADING COMPANY INC,22,MANDY,03/24,-,21, ,79,HONOLULU PORT,27,"4561 salt lake blvd

honolulu, hi  96818",2,ALL FINISHED,,2023-04-01
SM86100,43,FP,33,FP,03/24,-,3,BLUEW,47,"ORD. 1717 Busse Rd, Elk Grove Village, IL 60007",56,ups,2,ALL FINISHED,170PCS / 2990KGS,2023-04-01
SM86101,43,FP,33,FP,03/24,-,3,BLUEW,47,"ORD. 1717 Busse Rd, Elk Grove Village, IL 60007",56,ups,2,ALL FINISHED,49PCS / 834KGS,2023-05-01
SM86112,56,NU FFE,15,NU FFE,03/24,-,32,MTCI,80,ONEW 315,95,"prestige hospitality llc
32 research park circle 
st. charles, mo 63304",2,ALL FINISHED,2CRATE,2023-04-01
SM84857,32,SHANGHAI YINTA,1,HONGKONG YINTATECH ,03/23,2023-03-29,26,LFT,38,GARDEN CITY TERMINAL  ,43,"4099 old dixie hwy, bldg 3, ste 300, atlanta, ga 30354",2,ALL FINISHED,40HQ,2023-04-01
SM85151,20,BLUEW,20,BLUEW,03/23,2023-03-31,7,AMG,7,ETS,96,oak warehouse devan,2,ALL FINISHED,40HQ,2023-04-01
SM85171,34,FUZHOU EPS,20,BLUEW,03/23,2023-04-04,8,FLTI,81,"Maher Terminal, Berth 64",97,"1950 river road, burlington, nj 08016",2,ALL FINISHED,40HQ,2023-04-01
SM85172,34,FUZHOU EPS,20,BLUEW,03/23,2023-04-04,8,FLTI,81,"Maher Terminal, Berth 64",97,"1950 river road, burlington, nj 08016",2,ALL FINISHED,40HQ,2023-04-01
SM85371,57,CHINA SOURCE LINK,42,CHINA SOURCE LINK,03/23,-,1,,1,Unknown,11,,2,ALL FINISHED,,2023-03-23
SM85383,57,CHINA SOURCE LINK,42,CHINA SOURCE LINK,03/23,2023-04-05,25,TEA,82,STG LOGISTICS - LAX 1650 S. CENTRAL AVENUE COMPTON CA 90220 Phone: 1-310-764-4395,98,"313 s san pedro st, unit #103, los angeles, ca 90013",1,ALL FINISHED/CASE DONE,60CTNS/770KGS/3.4CBM,2023-05-01
SM85501,29,ZHV,26,ZHV,03/23,,9,CEI,34,LBCT,99,"veolia wts services usa, inc. .fontana service center11689 pacific ave
fontana ca 92337 united states",2,ALL FINISHED,40,2023-04-01
SM85528,58,NEPS,20,BLUEW,03/23,2023-03-31,7,AMG,12,Ben E. Nutter Terminal,100,rambo wearhouse deven,2,ALL FINISHED,40HQ,2023-04-01
SM86064,43,FP,33,FP,03/23,-,3,BLUEW,83,"DHL GLOBAL FORWARDING. 11601 WEST TOUHY AVENUE, BUILDING 895, CHICAGO, IL 60666",56,ups,2,ALL FINISHED,156PCS / 2910KGS,2023-04-01
SM86065,43,FP,33,FP,03/23,-,3,BLUEW,84,"ORD. 836 Patton Dr Tower E, Chicago, IL 60666",56,ups,2,ALL FINISHED,184PCS / 3040KGS,2023-05-01
SM86067,7,FEICO,7,FEICO,03/23,-,1,,1,Unknown,11,,2,ALL FINISHED,,2023-04-01
SM86069,29,ZHV,26,ZHV,03/23,2023-04-19,9,CEI,34,LBCT,101,"8190 byron rd?whittier, ca? 90606",2,ALL FINISHED,40HQ,2023-04-01
SM86072,29,ZHV,26,ZHV,03/23,,8,FLTI,64,NYCT,102,"1050 amboy ave,perth amboy,nj,08861",2,ALL FINISHED,40,2023-04-01
SM84023,59,OAK INT'L,37,JESSICA,03/22,-,1,,1,Unknown,11,,2,ALL FINISHED,,2023-03-22
SM84385,36,COZY LIVING,31,RAINY,03/22,-,1,,1,Unknown,11,,2,ALL FINISHED,,2023-03-22
SM84856,17,JTGL,17,JTGL,03/22,2023-03-28,8,FLTI,9,MAHER,103,"1175 florence columbus road, unit b (a12-a35), bordentown, nj 08505",2,ALL FINISHED,40'HQ,2023-03-22
SM85082,37,RGFR,13,DISCOVERY,03/22,-,1,,1,Unknown,11,,1,ALL FINISHED/CASE DONE,,2023-03-22
SM85274,13,DISCOVERY,13,DISCOVERY,03/22,2023-04-03,27,BRWI,10,APM,46,"900 daphine rd bay minette, al 36507",2,ALL FINISHED,2 * 40HQ ,2023-04-01
SM85274,13,DISCOVERY,13,DISCOVERY,03/22,2023-04-04,27,BRWI,10,APM,46,"900 daphine rd bay minette, al 36507",2,ALL FINISHED,2 * 40HQ ,2023-04-01
SM85276,52,LOGSMART,40,LOGSMART,03/22,2023-03-23,9,CEI,34,LBCT,80,"10460 hickson st. unit#b , el monte, ca 91731 , united states",2,ALL FINISHED,40HQ/8800KGS,2023-03-22
SM85277,13,DISCOVERY,13,DISCOVERY,03/22,2023-04-03,27,BRWI,10,APM,46,"900 daphine rd bay minette, al 36507",2,ALL FINISHED,2*40HQ,2023-04-01
SM85277,13,DISCOVERY,13,DISCOVERY,03/22,2023-04-03,27,BRWI,10,APM,46,"900 daphine rd bay minette, al 36507",2,ALL FINISHED,2*40HQ,2023-04-01
SM85288,59,OAK INT'L,37,JESSICA,03/22,-,1,,1,Unknown,11,,2,ALL FINISHED,,2023-03-22
SM85288,59,OAK INT'L,37,JESSICA,03/22,-,1,,1,Unknown,11,,2,ALL FINISHED,,2023-03-22
SM85288,59,OAK INT'L,37,JESSICA,03/22,-,1,,1,Unknown,11,,2,ALL FINISHED,,2023-03-22
SM85453,60,RSTL,43,CHB,03/22,-,1,,1,Unknown,11,,1,ALL FINISHED/CASE DONE,,2023-03-22
SM85470,60,RSTL,43,CHB,03/22,-,1,,1,Unknown,11,,1,ALL FINISHED/CASE DONE,,2023-03-22
SM85534,27,SENMART,5,TRWORLD,03/22,2023-03-29,9,CEI,34,LBCT,38,uswc,1,ALL FINISHED/CASE DONE,40HQ/17532KGS,2023-04-01
SM85545,10,YOOU INTERNATIONAL INC,10,SZOT,03/22,2023-04-04,8,FLTI,24,GCT,76,"5 cotters ln, east brunswick,nj 08816",2,ALL FINISHED,40HQ/10000KGS,2023-04-01
SM85546,10,YOOU INTERNATIONAL INC,10,SZOT,03/22,2023-04-04,8,FLTI,24,GCT,76,"5 cotters ln, east brunswick,nj 08816",2,ALL FINISHED,40HQ/10000KGS,2023-04-01
SM85547,10,YOOU INTERNATIONAL INC,10,SZOT,03/22,2023-04-04,15,UTC2,24,GCT,23,"107 elbow lane, burlington, nj 08016",2,ALL FINISHED,40HQ/12000KGS,2023-04-01
SM85548,10,YOOU INTERNATIONAL INC,10,SZOT,03/22,2023-04-04,15,UTC2,24,GCT,23,"107 elbow lane, burlington, nj 08016",2,ALL FINISHED,40HQ/12000KGS,2023-04-01
SM85555,6,K-KJING,6,K-KJING,03/22,,24,DRAGON,34,LBCT,35,lax9,2,ALL FINISHED,40,2023-04-01
SM85578,18,SUNTON,18,EDAY,03/22,2023-03-29,9,CEI,31,LBCT ,81,"2180 s wineville ave ontario, ca  91761",2,ALL FINISHED,40HQ,2023-03-22
SM85720,18,SUNTON,18,EDAY,03/22,2023-03-30,19,BH,31,LBCT ,25,"1375 w casmalia st, rialto, california, 92377",2,ALL FINISHED,40HQ,2023-03-22
SM85786,47,GOODCANGG,28,GOODCANGG,03/22,-,1,,1,Unknown,11,,2,ALL FINISHED,,2023-03-22
SM85798,42,WLDFITOUS LLC,19,KING SUPPLY,03/22,-,1,,1,Unknown,11,,2,ALL FINISHED,,2023-03-22
SM86027,56,NU FFE,15,NU FFE,03/22,-,32,MTCI,85,"ONEW. 315 S Sultana Ave, Ontario, CA 91761",104,"prestige hospitality llc. 32 research park circle, st. charles, mo 63304",2,ALL FINISHED,,2023-04-01
SM86028,22,YHJ TRADING COMPANY INC,22,MANDY,03/22,-,41,PACIFIC TRANSFER,86,HONOLULU AIRPORT,105,"4561 salt lake blvd
honolulu, hi  96818",2,ALL FINISHED,2 PLT,2023-03-22
SM83744,32,SHANGHAI YINTA,1,HONGKONG YINTATECH ,03/21,2023-03-28,26,LFT,38,GARDEN CITY TERMINAL  ,43,"4099 old dixie hwy, bldg 3, ste 300, atlanta, ga 30354",2,ALL FINISHED,40HQ,2023-04-01
SM83748,32,SHANGHAI YINTA,1,HONGKONG YINTATECH ,03/21,2023-03-28,26,LFT,87,GARDEN CITY TERMINAL ,43,"4099 old dixie hwy, bldg 3, ste 300, atlanta, ga 30354",2,ALL FINISHED,40HQ,2023-04-01
SM83749,32,SHANGHAI YINTA,1,HONGKONG YINTATECH ,03/21,2023-03-28,26,LFT,38,GARDEN CITY TERMINAL  ,43,"4099 old dixie hwy, bldg 3, ste 300, atlanta, ga 30354",2,ALL FINISHED,40HQ,2023-04-01
SM83750,32,SHANGHAI YINTA,1,HONGKONG YINTATECH ,03/21,2023-03-28,26,LFT,87,GARDEN CITY TERMINAL ,43,"4099 old dixie hwy, bldg 3, ste 300, atlanta, ga 30354",2,ALL FINISHED,40HQ,2023-04-01
SM84669,61,Max Supply Inc.,44,Max Supply Inc.,03/21,2023-03-28,10,BSUI,88,GCT BAYONNE,106,"max supply inc. 114-01 14th ave, college point, ny 11356",2,ALL FINISHED,20'GP,2023-04-01
SM85064,52,LOGSMART,40,LOGSMART,03/21,2023-03-28,42,Rudox Trucking LLC,9,MAHER,107,"willow group, ltd.
34 clinton street
batavia, ny 14020",2,ALL FINISHED,40HQ/9045.6KGS,2023-03-21
SM85069,17,JTGL,17,JTGL,03/21,2023-03-27,15,UTC2,9,MAHER,28,"1665 jersey ave, north brunswick, nj 08902",1,ALL FINISHED/CASE DONE,40'HQ,2023-04-01
SM85093,18,SUNTON,18,EDAY,03/21,2023-03-29,19,BH,89,Evergreen Container Terminal,37,"1251 s rockefeller ave unit b ontario , ca 91761 usa",2,ALL FINISHED,40HQ,2023-03-21
SM85259,62,GLT GLOBAL TRADING INC ,45,GLTL,03/21,2023-03-29,1,,1,Unknown,108,do sent,1,ALL FINISHED/CASE DONE,,2023-03-21
SM85318,38,LEOM,32,48,03/21,2023-03-30,28,NOAH,90,LA PORT ,48,ont8,1,ALL FINISHED/CASE DONE,1*40 hq,2023-04-01
SM85402,6,K-KJING,6,K-KJING,03/21,,24,DRAGON,34,LBCT,48,ont8,2,ALL FINISHED,40,2023-04-01
SM85493,63,PIONEER LOGISTICS INC,5,TRWORLD,03/21,2023-03-29,9,CEI,91,EVEPRORT,38,uswc,2,ALL FINISHED,40HQ/2530KGS,2023-03-21
SM85500,64,DEWENWILS NETWORK TECHNOLOGY,19,KING SUPPLY,03/21,2023-03-28,28,NOAH,13,EVERPORT,35,lax9,2,ALL FINISHED,40HQ/13453KGS,2023-05-01
SM85503,7,FEICO,7,FEICO,03/21,-,1,,92,PORTLAND PORT ,109,"26200 sw 95th ave, ste 300, wilsonville, or 97080
jay cao
tel:503-998-2968",2,ALL FINISHED,40HQ,2023-03-21
SM85504,7,FEICO,7,FEICO,03/21,-,1,,92,PORTLAND PORT ,109,"26200 sw 95th ave, ste 300, wilsonville, or 97080
jay cao
tel:503-998-2968",2,ALL FINISHED,40HQ,2023-03-21
SM85236,37,RGFR,13,DISCOVERY,03/20,2023-03-31,7,AMG,93,Oakland port,7,sck4,2,ALL FINISHED,1*40 HQ,2023-04-01
SM85358,28,SZOT,10,SZOT,03/20,2023-03-31,9,CEI,36,TRAPAC,39,10905 beech ave fontana ca 92337,2,ALL FINISHED,40HQ/13500KGS,2023-04-01
SM85359,28,SZOT,10,SZOT,03/20,2023-03-30,9,CEI,36,TRAPAC,39,10905 beech ave fontana ca 92337,2,ALL FINISHED,40HQ/13000KGS,2023-04-01
SM85328,65,UNITE OAK,22,MANDY,03/19,2023-03-23,19,BH,41,LA port,110,"617 south raymond ave, alhambra, ca 91803",2,ALL FINISHED,1*40 HQ,2023-03-19
SM85086,31,BUYDEX,28,GOODCANGG,03/18,-,1,,1,Unknown,11,,2,ALL FINISHED,,2023-03-18
SM85169,36,COZY LIVING,15,NU FFE,03/18,2023-03-23,19,BH,94,PCT,111,"mediterranean. 2336 s escondido blvd, escondido, ca 92025",2,ALL FINISHED,40'HQ,2023-04-01
SM85170,15,NU DESIGNS LLC,15,NU FFE,03/18,2023-03-28,19,BH,94,PCT,111,"mediterranean. 2336 s escondido blvd, escondido, ca 92025",2,ALL FINISHED,40'HQ,2023-04-01
SM85289,7,FEICO,7,FEICO,03/18,2023-03-24,43,WSFS,95,HUSKY TERMINAL,112,"nicholas hyde
tel: 415-756-9352
4836 se powell bivd, portland, or 97206",2,ALL FINISHED,20GP,2023-03-18
SM85296,66,COSMO,46,ACC,03/18,2023-03-28,9,CEI,96,"LOS ANGELES, US",113,cosmo,1,ALL FINISHED/CASE DONE,40HQ,2023-03-18
SM85353,28,SZOT,47,03/18,2023-03-28,FLTI,44,GCT,97,"1605 Jersey Ave. North Brunswick, NJ 08902",114,all finished,3,40HQ/13000KGS,4,
SM85354,28,SZOT,10,SZOT,03/18,2023-03-28,8,FLTI,24,GCT,115,"1605 jersey ave. north brunswick, nj 08902",2,ALL FINISHED,40HQ/13000KGS,2023-04-01
SM85355,28,SZOT,10,SZOT,03/18,2023-03-29,8,FLTI,24,GCT,115,"1605 jersey ave. north brunswick, nj 08902",2,ALL FINISHED,40HQ/13000KGS,2023-03-18
SM85365,50,SZJF,38,SZJF,03/18,2023-03-29,28,NOAH,94,PCT,48,ont8,2,ALL FINISHED,40HQ/21200KGS,2023-05-01
SM85539,28,SZOT,10,SZOT,03/18,2023-03-23,9,CEI,36,TRAPAC,10,"14570 meyer canyon drive, fontana, ca, 92336",2,ALL FINISHED,40HQ/10000KGS,2023-03-18
SM85540,10,YOOU INTERNATIONAL INC,10,SZOT,03/18,2023-03-23,9,CEI,36,TRAPAC,10,"14570 meyer canyon drive, fontana, ca, 92336",2,ALL FINISHED,40HQ/13000KGS,2023-03-18
SM85541,10,YOOU INTERNATIONAL INC,10,SZOT,03/18,2023-03-23,9,CEI,36,TRAPAC,10,"14570 meyer canyon drive, fontana, ca, 92336",2,ALL FINISHED,40HQ/13000KGS,2023-03-18
SM85542,10,YOOU INTERNATIONAL INC,10,SZOT,03/18,2023-03-23,19,BH,36,TRAPAC,10,"14570 meyer canyon drive, fontana, ca, 92336",2,ALL FINISHED,40HQ/10000KGS,2023-03-18